time,temperature_2m (°C),relative_humidity_2m (%),rain (mm),pressure_msl (hPa),surface_pressure (hPa),wind_speed_10m (m/s),wind_speed_100m (m/s),soil_temperature_0_to_7cm (°C),soil_moisture_0_to_7cm (m³/m³)
2023-03-15T00:00,7.6,92,0.00,1023.2,999.5,1.30,0.61,10.1,0.389
2023-03-15T01:00,6.7,94,0.00,1022.7,998.9,1.63,1.08,9.4,0.389
2023-03-15T02:00,5.8,94,0.00,1022.5,998.7,1.84,1.70,8.8,0.389
2023-03-15T03:00,5.2,94,0.00,1022.0,998.1,1.50,1.53,8.2,0.388
2023-03-15T04:00,4.5,95,0.00,1020.8,996.9,1.12,1.39,7.8,0.388
2023-03-15T05:00,3.9,96,0.00,1020.4,996.5,1.08,1.36,7.4,0.388
2023-03-15T06:00,3.4,96,0.00,1019.9,995.9,1.10,1.43,7.0,0.387
2023-03-15T07:00,3.2,95,0.00,1019.3,995.3,0.91,1.46,6.7,0.387
2023-03-15T08:00,6.1,89,0.00,1019.0,995.3,1.65,2.24,7.1,0.387
2023-03-15T09:00,10.4,83,0.00,1018.8,995.4,1.04,3.23,8.6,0.386
2023-03-15T10:00,13.8,72,0.00,1018.4,995.3,0.92,1.97,10.6,0.385
2023-03-15T11:00,16.3,63,0.00,1018.0,995.1,1.75,2.50,12.6,0.383
2023-03-15T12:00,17.8,54,0.00,1017.6,994.8,2.10,2.78,14.6,0.377
2023-03-15T13:00,19.0,48,0.00,1016.9,994.3,2.72,3.61,15.7,0.374
2023-03-15T14:00,19.4,47,0.00,1015.7,993.1,3.01,4.03,16.4,0.371
2023-03-15T15:00,19.5,49,0.00,1014.7,992.1,2.60,3.51,16.8,0.368
2023-03-15T16:00,19.5,53,0.00,1014.1,991.6,2.15,2.77,16.9,0.366
2023-03-15T17:00,17.8,62,0.00,1014.0,991.3,3.04,4.14,16.5,0.366
2023-03-15T18:00,14.1,70,0.00,1014.2,991.2,2.32,4.65,15.4,0.365
2023-03-15T19:00,13.0,67,0.00,1014.5,991.4,0.91,1.87,13.8,0.366
2023-03-15T20:00,9.7,85,0.00,1014.7,991.4,1.50,1.02,12.4,0.366
2023-03-15T21:00,9.0,88,0.00,1014.5,991.1,1.78,1.41,11.4,0.366
2023-03-15T22:00,8.4,89,0.00,1014.1,990.7,1.56,1.61,10.6,0.367
2023-03-15T23:00,10.9,81,0.00,1013.6,990.4,0.89,1.50,9.9,0.367
2023-03-16T00:00,9.7,85,0.00,1013.0,989.7,1.40,2.64,10.7,0.366
2023-03-16T01:00,7.6,92,0.00,1012.4,989.0,1.25,2.60,10.0,0.366
2023-03-16T02:00,7.0,93,0.00,1011.9,988.4,1.75,2.62,9.5,0.366
2023-03-16T03:00,6.5,93,0.00,1011.5,988.0,1.52,2.57,9.0,0.367
2023-03-16T04:00,7.0,92,0.00,1010.8,987.3,1.57,3.54,8.7,0.367
2023-03-16T05:00,7.3,91,0.00,1010.3,986.9,2.06,5.10,8.5,0.367
2023-03-16T06:00,6.3,92,0.00,1010.3,986.8,2.55,4.40,8.3,0.367
2023-03-16T07:00,6.9,92,0.00,1010.4,986.9,1.91,3.31,8.1,0.367
2023-03-16T08:00,9.3,87,0.00,1010.9,987.6,1.65,3.74,8.6,0.367
2023-03-16T09:00,11.9,82,0.00,1011.0,987.9,1.48,3.61,9.9,0.367
2023-03-16T10:00,13.9,76,0.00,1010.8,987.9,2.60,3.51,11.5,0.366
2023-03-16T11:00,15.5,69,0.00,1010.3,987.5,3.40,4.51,13.0,0.365
2023-03-16T12:00,17.0,61,0.00,1009.1,986.5,3.75,4.98,13.8,0.363
2023-03-16T13:00,17.6,57,0.00,1008.7,986.1,3.79,5.20,14.7,0.361
2023-03-16T14:00,16.7,60,0.00,1008.1,985.5,4.24,5.87,14.8,0.359
2023-03-16T15:00,15.3,75,0.70,1008.2,985.5,4.16,5.64,14.8,0.365
2023-03-16T16:00,13.7,84,3.60,1008.6,985.7,3.47,5.02,14.2,0.409
2023-03-16T17:00,12.8,89,1.60,1008.6,985.7,2.56,3.99,13.4,0.419
2023-03-16T18:00,12.2,91,2.70,1008.7,985.7,2.61,4.96,12.7,0.427
2023-03-16T19:00,11.9,93,5.50,1008.9,985.9,2.50,4.95,12.2,0.430
2023-03-16T20:00,11.6,96,2.00,1009.2,986.2,3.45,5.92,11.9,0.427
2023-03-16T21:00,11.9,96,0.30,1009.6,986.6,2.84,5.59,11.8,0.423
2023-03-16T22:00,11.6,98,0.20,1009.8,986.7,2.43,4.68,11.6,0.421
2023-03-16T23:00,11.0,91,0.30,1010.3,987.2,2.06,4.94,11.2,0.420
2023-03-17T00:00,10.5,94,0.00,1009.8,986.6,3.07,6.11,11.7,0.425
2023-03-17T01:00,10.8,94,0.60,1010.1,987.0,4.44,7.78,11.2,0.426
2023-03-17T02:00,11.1,91,0.30,1009.7,986.6,3.47,6.30,11.1,0.423
2023-03-17T03:00,10.7,96,0.90,1009.6,986.5,4.39,7.38,10.9,0.427
2023-03-17T04:00,10.5,92,1.50,1009.5,986.4,4.57,7.62,10.8,0.428
2023-03-17T05:00,10.5,92,1.60,1010.1,986.9,5.01,8.10,10.7,0.430
2023-03-17T06:00,10.1,93,0.30,1010.7,987.5,4.70,7.78,10.5,0.426
2023-03-17T07:00,10.3,93,0.80,1011.2,988.0,3.81,6.62,10.4,0.427
2023-03-17T08:00,10.5,92,1.50,1012.0,988.8,5.66,9.01,10.4,0.428
2023-03-17T09:00,10.9,93,1.90,1012.0,988.8,5.75,8.77,10.6,0.430
2023-03-17T10:00,11.7,87,1.70,1012.2,989.1,5.80,8.91,11.0,0.428
2023-03-17T11:00,12.2,88,1.50,1013.1,990.0,5.22,8.16,11.7,0.428
2023-03-17T12:00,12.7,78,2.70,1012.7,989.7,6.55,9.24,12.7,0.426
2023-03-17T13:00,14.0,76,0.10,1012.8,989.9,6.22,8.60,13.4,0.424
2023-03-17T14:00,13.1,80,1.00,1012.8,989.8,5.76,8.25,13.5,0.426
2023-03-17T15:00,11.7,86,1.40,1013.5,990.4,4.92,7.16,13.3,0.427
2023-03-17T16:00,12.0,85,0.10,1013.5,990.4,5.06,7.22,13.1,0.423
2023-03-17T17:00,11.6,84,2.20,1013.7,990.5,4.11,6.26,12.6,0.426
2023-03-17T18:00,11.3,85,0.10,1014.0,990.8,3.85,6.53,12.1,0.423
2023-03-17T19:00,10.0,89,0.40,1014.7,991.4,3.28,6.13,11.4,0.424
2023-03-17T20:00,9.9,89,0.20,1015.1,991.8,2.26,4.99,10.8,0.423
2023-03-17T21:00,9.7,90,0.10,1015.7,992.4,1.96,4.34,10.5,0.421
2023-03-17T22:00,9.0,93,0.20,1015.7,992.3,1.60,3.77,10.1,0.421
2023-03-17T23:00,9.0,93,0.00,1015.7,992.3,1.75,3.80,9.8,0.419
2023-03-18T00:00,9.0,90,0.00,1016.1,992.7,1.70,4.05,9.9,0.420
2023-03-18T01:00,9.3,88,0.00,1016.1,992.7,1.39,3.86,9.7,0.419
2023-03-18T02:00,9.9,90,0.50,1016.2,992.9,2.39,4.90,9.7,0.423
2023-03-18T03:00,10.0,92,0.80,1016.1,992.8,2.04,4.31,9.8,0.428
2023-03-18T04:00,10.0,95,0.40,1016.2,992.9,2.57,4.90,9.9,0.426
2023-03-18T05:00,10.1,93,0.40,1016.3,993.0,1.50,3.22,9.9,0.426
2023-03-18T06:00,9.9,94,1.50,1016.7,993.3,1.89,3.54,9.9,0.428
2023-03-18T07:00,9.8,94,1.30,1017.2,993.8,1.63,3.40,9.9,0.427
2023-03-18T08:00,10.5,95,0.10,1017.9,994.6,2.06,3.90,10.1,0.424
2023-03-18T09:00,11.8,87,0.10,1018.5,995.3,2.40,3.51,10.7,0.422
2023-03-18T10:00,12.2,88,0.10,1019.0,995.8,2.40,3.21,11.3,0.421
2023-03-18T11:00,13.6,80,0.10,1019.3,996.2,3.28,4.41,12.3,0.419
2023-03-18T12:00,14.1,77,0.10,1019.5,996.4,3.42,4.53,13.3,0.417
2023-03-18T13:00,14.3,75,0.20,1019.7,996.6,3.89,5.10,13.7,0.417
2023-03-18T14:00,14.8,72,0.30,1019.4,996.4,4.33,5.69,14.4,0.417
2023-03-18T15:00,15.3,69,0.10,1019.3,996.3,4.80,6.36,14.8,0.415
2023-03-18T16:00,14.9,71,0.10,1019.6,996.6,4.90,6.67,14.8,0.413
2023-03-18T17:00,14.3,71,0.00,1019.7,996.6,4.24,5.73,14.4,0.411
2023-03-18T18:00,13.5,75,0.00,1020.4,997.2,2.97,5.12,13.8,0.409
2023-03-18T19:00,11.1,87,0.00,1020.8,997.4,2.19,5.20,12.8,0.409
2023-03-18T20:00,9.9,91,0.00,1021.6,998.1,1.84,4.80,11.9,0.408
2023-03-18T21:00,9.2,93,0.00,1022.2,998.7,1.84,4.83,11.1,0.408
2023-03-18T22:00,7.7,95,0.00,1022.6,998.9,2.25,4.30,10.4,0.407
2023-03-18T23:00,7.1,96,0.00,1022.8,999.1,2.28,4.24,9.7,0.407
2023-03-19T00:00,6.9,98,0.00,1023.6,999.8,2.51,3.49,9.5,0.407
2023-03-19T01:00,6.9,98,0.00,1023.4,999.6,1.92,3.80,9.1,0.407
2023-03-19T02:00,6.9,97,0.00,1023.3,999.5,1.80,3.73,8.8,0.406
2023-03-19T03:00,6.3,98,0.00,1022.8,999.0,2.09,3.31,8.6,0.406
2023-03-19T04:00,6.0,98,0.00,1023.0,999.2,1.89,3.20,8.3,0.405
2023-03-19T05:00,5.6,98,0.00,1023.7,999.8,1.57,2.82,8.0,0.404
2023-03-19T06:00,4.6,98,0.00,1023.7,999.7,1.43,2.19,7.6,0.404
2023-03-19T07:00,5.4,98,0.00,1023.7,999.8,1.08,1.80,7.6,0.404
2023-03-19T08:00,6.7,95,0.00,1023.8,1000.0,1.52,1.51,8.0,0.403
2023-03-19T09:00,9.1,92,0.00,1024.0,1000.4,1.12,2.00,9.2,0.402
2023-03-19T10:00,12.2,78,0.00,1024.2,1000.9,0.32,0.63,10.9,0.401
2023-03-19T11:00,14.1,68,0.00,1023.8,1000.6,0.32,0.54,12.7,0.399
2023-03-19T12:00,15.4,58,0.00,1023.5,1000.4,0.71,1.00,14.3,0.396
2023-03-19T13:00,16.6,55,0.00,1022.7,999.7,0.92,1.27,15.4,0.393
2023-03-19T14:00,17.3,53,0.00,1022.0,999.1,0.71,1.02,16.2,0.391
2023-03-19T15:00,17.8,53,0.00,1021.7,998.9,0.81,0.92,16.7,0.389
2023-03-19T16:00,17.6,56,0.00,1021.7,998.8,1.68,1.84,16.7,0.387
2023-03-19T17:00,16.5,63,0.00,1021.9,999.0,2.64,3.40,16.2,0.386
2023-03-19T18:00,14.6,77,0.00,1022.0,998.9,1.94,3.90,15.2,0.386
2023-03-19T19:00,10.8,90,0.00,1022.1,998.7,1.80,3.36,13.8,0.386
2023-03-19T20:00,11.6,86,0.00,1022.5,999.2,1.21,1.92,12.4,0.387
2023-03-19T21:00,11.1,88,0.00,1022.6,999.2,0.81,1.80,11.3,0.387
2023-03-19T22:00,10.9,88,0.00,1022.6,999.2,1.17,1.56,10.4,0.387
2023-03-19T23:00,10.3,88,0.00,1022.7,999.2,1.22,1.12,9.8,0.387
2023-03-20T00:00,8.9,91,0.00,1022.8,999.2,0.73,0.36,9.7,0.386
2023-03-20T01:00,6.6,94,0.00,1022.5,998.7,1.51,1.58,9.2,0.386
2023-03-20T02:00,5.9,93,0.00,1022.0,998.2,1.30,2.11,8.7,0.386
2023-03-20T03:00,5.6,93,0.00,1021.4,997.6,1.40,2.50,8.3,0.386
2023-03-20T04:00,5.5,92,0.00,1021.2,997.4,1.50,3.22,8.0,0.386
2023-03-20T05:00,5.6,91,0.00,1021.2,997.4,1.50,3.70,7.8,0.386
2023-03-20T06:00,4.8,92,0.00,1021.2,997.3,1.90,2.69,7.5,0.386
2023-03-20T07:00,6.8,84,0.00,1021.6,997.9,0.45,1.10,7.3,0.386
2023-03-20T08:00,8.0,85,0.00,1022.1,998.5,0.40,0.86,8.0,0.386
2023-03-20T09:00,11.1,79,0.00,1022.2,998.8,0.63,1.21,9.4,0.386
2023-03-20T10:00,14.1,70,0.00,1022.2,999.1,0.60,1.04,11.3,0.385
2023-03-20T11:00,16.3,67,0.00,1022.0,999.0,1.44,1.88,13.2,0.383
2023-03-20T12:00,18.5,55,0.00,1021.7,998.9,2.69,3.47,15.7,0.388
2023-03-20T13:00,19.1,54,0.00,1021.3,998.6,3.22,4.12,16.6,0.385
2023-03-20T14:00,19.0,56,0.00,1020.9,998.2,3.68,4.74,17.1,0.382
2023-03-20T15:00,18.0,63,0.00,1020.7,997.9,3.62,4.70,17.2,0.380
2023-03-20T16:00,16.6,68,0.00,1020.6,997.7,3.47,4.51,17.0,0.378
2023-03-20T17:00,14.9,70,0.00,1021.0,997.9,3.50,4.60,16.3,0.377
2023-03-20T18:00,13.2,76,0.00,1021.1,997.9,2.00,3.73,15.2,0.377
2023-03-20T19:00,10.2,86,0.00,1021.2,997.8,1.75,2.21,13.6,0.377
2023-03-20T20:00,8.6,92,0.00,1021.3,997.7,1.79,1.71,12.2,0.378
2023-03-20T21:00,7.9,93,0.00,1021.8,998.2,1.97,3.21,11.2,0.378
2023-03-20T22:00,9.0,91,0.00,1022.1,998.5,1.36,1.82,10.4,0.379
2023-03-20T23:00,9.3,91,0.00,1022.0,998.5,1.02,1.82,9.7,0.379
2023-03-21T00:00,9.0,93,0.00,1022.1,998.5,0.58,1.40,10.2,0.381
2023-03-21T01:00,7.8,96,0.00,1021.8,998.2,1.30,0.50,9.9,0.382
2023-03-21T02:00,8.9,93,0.00,1021.8,998.2,0.92,0.58,9.8,0.382
2023-03-21T03:00,9.3,93,0.00,1021.1,997.6,0.76,1.17,10.0,0.382
2023-03-21T04:00,9.5,92,0.00,1020.8,997.3,1.12,1.70,10.1,0.382
2023-03-21T05:00,9.5,92,0.00,1020.8,997.3,1.06,1.66,10.2,0.382
2023-03-21T06:00,9.3,93,0.00,1020.9,997.4,1.20,1.58,10.2,0.382
2023-03-21T07:00,9.6,92,0.00,1020.8,997.3,1.63,2.33,10.3,0.382
2023-03-21T08:00,10.2,90,0.00,1021.3,997.9,1.06,1.84,10.5,0.382
2023-03-21T09:00,11.4,88,0.00,1021.5,998.2,0.30,0.64,11.2,0.382
2023-03-21T10:00,12.9,84,0.00,1021.6,998.4,0.32,0.41,12.2,0.381
2023-03-21T11:00,14.4,75,0.00,1021.5,998.4,0.95,1.08,13.6,0.380
2023-03-21T12:00,15.2,67,0.00,1021.0,998.0,1.39,1.58,14.7,0.377
2023-03-21T13:00,16.2,62,0.00,1020.1,997.2,1.43,1.75,15.9,0.375
2023-03-21T14:00,16.7,62,0.00,1019.7,996.8,2.18,2.62,16.6,0.372
2023-03-21T15:00,16.8,64,0.00,1018.9,996.0,2.00,2.30,17.1,0.370
2023-03-21T16:00,16.4,69,0.00,1018.5,995.6,2.90,3.60,17.0,0.369
2023-03-21T17:00,15.1,74,0.00,1018.8,995.8,3.30,4.30,16.5,0.368
2023-03-21T18:00,13.4,81,0.00,1018.9,995.8,2.93,4.87,15.5,0.368
2023-03-21T19:00,10.6,93,0.00,1019.1,995.7,1.60,4.11,14.1,0.368
2023-03-21T20:00,9.8,93,0.00,1019.5,996.1,1.48,2.24,12.8,0.369
2023-03-21T21:00,8.3,97,0.00,1019.8,996.2,1.56,1.80,11.8,0.369
2023-03-21T22:00,8.0,99,0.00,1019.9,996.3,1.32,1.17,11.0,0.369
2023-03-21T23:00,9.2,98,0.00,1019.5,996.0,0.94,1.50,10.9,0.370
2023-03-22T00:00,8.8,97,0.00,1019.4,995.9,1.56,1.75,11.1,0.363
2023-03-22T01:00,9.1,97,0.00,1019.0,995.5,1.14,1.36,10.8,0.363
2023-03-22T02:00,8.9,98,0.00,1018.5,995.0,1.28,1.91,10.6,0.364
2023-03-22T03:00,9.0,97,0.00,1018.1,994.6,1.20,1.91,10.5,0.364
2023-03-22T04:00,8.8,96,0.00,1017.8,994.3,1.20,2.55,10.3,0.364
2023-03-22T05:00,9.0,94,0.00,1017.7,994.2,1.35,3.05,10.2,0.365
2023-03-22T06:00,9.3,90,0.00,1017.7,994.3,1.98,3.32,10.3,0.365
2023-03-22T07:00,9.1,92,0.00,1017.8,994.4,1.94,3.22,10.2,0.365
2023-03-22T08:00,9.9,92,0.00,1018.1,994.7,2.42,3.13,10.5,0.365
2023-03-22T09:00,11.0,88,0.00,1018.3,995.0,2.59,3.35,11.0,0.365
2023-03-22T10:00,12.3,79,0.10,1018.1,994.9,2.60,3.40,11.6,0.365
2023-03-22T11:00,13.3,72,0.10,1018.0,994.9,3.09,4.11,12.2,0.366
2023-03-22T12:00,13.5,71,0.10,1018.1,995.0,3.31,4.43,13.0,0.361
2023-03-22T13:00,14.5,66,0.00,1017.9,994.9,3.64,4.92,13.6,0.360
2023-03-22T14:00,14.8,64,0.00,1017.2,994.2,3.78,5.06,14.1,0.358
2023-03-22T15:00,14.9,64,0.00,1016.7,993.7,3.66,4.88,14.5,0.357
2023-03-22T16:00,14.8,64,0.00,1016.4,993.4,3.97,5.38,14.6,0.356
2023-03-22T17:00,14.1,66,0.00,1016.5,993.5,4.10,5.69,14.3,0.355
2023-03-22T18:00,13.4,73,0.00,1016.8,993.7,2.92,4.89,13.8,0.355
2023-03-22T19:00,12.5,79,0.00,1016.9,993.8,2.22,4.46,13.2,0.356
2023-03-22T20:00,12.1,84,0.90,1016.8,993.6,2.44,4.85,12.6,0.366
2023-03-22T21:00,11.7,86,0.00,1017.2,994.0,2.34,5.04,12.1,0.366
2023-03-22T22:00,11.8,86,0.00,1017.2,994.0,2.31,4.94,11.9,0.366
2023-03-22T23:00,11.8,85,0.10,1017.0,993.8,3.10,5.71,11.7,0.367
2023-03-23T00:00,12.0,82,0.00,1016.9,993.7,2.75,5.57,12.2,0.359
2023-03-23T01:00,12.0,82,0.00,1016.2,993.0,3.09,5.72,12.0,0.360
2023-03-23T02:00,11.8,83,0.00,1015.7,992.5,2.46,5.09,11.8,0.360
2023-03-23T03:00,12.0,82,0.00,1014.9,991.8,2.73,5.38,11.7,0.360
2023-03-23T04:00,12.1,80,0.00,1014.5,991.4,2.91,5.63,11.6,0.360
2023-03-23T05:00,12.0,80,0.00,1014.3,991.2,3.05,5.76,11.6,0.360
2023-03-23T06:00,11.9,81,0.00,1014.4,991.3,3.29,6.06,11.6,0.360
2023-03-23T07:00,12.0,81,0.00,1014.2,991.1,3.64,6.46,11.5,0.360
2023-03-23T08:00,12.1,81,0.00,1014.3,991.2,3.81,6.59,11.6,0.360
2023-03-23T09:00,12.8,83,1.20,1014.9,991.8,3.71,6.04,11.8,0.374
2023-03-23T10:00,12.7,89,6.20,1015.0,991.9,3.90,6.73,12.0,0.420
2023-03-23T11:00,13.1,89,0.30,1014.9,991.8,4.74,8.04,12.1,0.414
2023-03-23T12:00,13.2,88,0.10,1015.2,992.1,5.47,8.34,12.2,0.371
2023-03-23T13:00,13.2,91,0.50,1014.8,991.8,5.10,8.46,12.3,0.376
2023-03-23T14:00,13.5,91,0.30,1014.3,991.3,6.46,10.09,12.6,0.378
2023-03-23T15:00,13.9,90,0.40,1014.2,991.2,6.45,10.02,12.9,0.381
2023-03-23T16:00,13.4,91,1.40,1014.2,991.2,5.87,9.44,12.8,0.397
2023-03-23T17:00,13.4,92,0.60,1014.2,991.2,5.20,8.86,12.7,0.401
2023-03-23T18:00,13.2,93,0.30,1014.3,991.3,5.35,9.05,12.6,0.401
2023-03-23T19:00,13.0,93,0.50,1014.3,991.2,5.51,9.29,12.4,0.404
2023-03-23T20:00,13.0,93,2.10,1014.7,991.6,5.19,8.85,12.3,0.424
2023-03-23T21:00,12.9,94,2.00,1015.5,992.4,5.29,8.68,12.3,0.428
2023-03-23T22:00,12.4,97,2.40,1015.8,992.7,4.53,7.52,12.2,0.425
2023-03-23T23:00,12.5,97,0.90,1015.5,992.4,4.43,7.34,12.2,0.427
2023-03-24T00:00,13.0,93,1.60,1015.2,992.1,5.02,8.63,12.2,0.423
2023-03-24T01:00,13.1,96,1.30,1015.2,992.1,4.88,8.15,12.3,0.425
2023-03-24T02:00,13.3,98,4.00,1014.8,991.8,5.22,8.63,12.5,0.430
2023-03-24T03:00,13.0,98,4.20,1015.1,992.0,3.49,5.83,12.5,0.426
2023-03-24T04:00,12.4,94,0.20,1015.2,992.1,2.64,4.55,12.3,0.423
2023-03-24T05:00,12.2,93,0.10,1015.8,992.6,1.61,3.31,12.1,0.421
2023-03-24T06:00,11.7,96,0.00,1016.7,993.5,1.43,3.21,11.9,0.418
2023-03-24T07:00,11.4,96,0.00,1017.7,994.4,1.61,3.85,11.6,0.416
2023-03-24T08:00,12.0,91,0.00,1018.9,995.7,2.22,3.45,11.7,0.415
2023-03-24T09:00,13.1,84,0.00,1019.7,996.5,2.21,2.85,12.6,0.413
2023-03-24T10:00,14.1,74,0.00,1020.4,997.3,3.00,3.90,13.6,0.412
2023-03-24T11:00,14.9,67,0.00,1021.4,998.3,3.80,4.90,14.5,0.410
2023-03-24T12:00,15.5,63,0.00,1021.7,998.7,3.73,4.73,15.5,0.408
2023-03-24T13:00,15.9,60,0.00,1021.9,998.9,3.81,4.92,16.2,0.405
2023-03-24T14:00,15.8,58,0.00,1022.0,999.0,3.70,4.80,16.6,0.402
2023-03-24T15:00,15.5,54,0.00,1022.1,999.1,3.40,4.30,16.7,0.399
2023-03-24T16:00,15.0,57,0.00,1022.2,999.1,3.30,4.30,16.4,0.397
2023-03-24T17:00,14.2,60,0.00,1022.5,999.4,3.50,4.60,15.9,0.396
2023-03-24T18:00,13.1,70,0.00,1022.9,999.7,2.61,4.50,15.0,0.395
2023-03-24T19:00,10.7,85,0.00,1023.2,999.8,1.73,4.50,13.9,0.395
2023-03-24T20:00,9.1,92,0.00,1023.9,1000.3,2.01,4.01,12.7,0.396
2023-03-24T21:00,10.6,87,0.00,1024.1,1000.6,1.35,2.42,11.7,0.396
2023-03-24T22:00,9.4,91,0.00,1024.3,1000.7,0.86,0.81,10.8,0.396
2023-03-24T23:00,8.7,93,0.00,1024.5,1000.9,1.03,0.54,10.1,0.396
2023-03-25T00:00,6.7,95,0.00,1024.9,1001.1,1.61,0.82,9.6,0.396
2023-03-25T01:00,6.9,92,0.00,1024.9,1001.1,1.87,1.36,9.1,0.395
2023-03-25T02:00,6.0,93,0.00,1024.3,1000.4,2.04,1.84,8.7,0.395
2023-03-25T03:00,5.3,93,0.00,1023.8,999.9,2.02,2.48,8.3,0.395
2023-03-25T04:00,6.1,91,0.00,1023.6,999.8,1.68,3.04,8.2,0.395
2023-03-25T05:00,6.8,91,0.00,1023.4,999.6,1.80,3.84,8.3,0.395
2023-03-25T06:00,7.2,92,0.00,1023.3,999.6,1.80,4.39,8.4,0.395
2023-03-25T07:00,7.2,92,0.00,1023.4,999.7,2.36,4.96,8.4,0.395
2023-03-25T08:00,8.6,89,0.00,1023.5,999.9,2.62,5.52,9.0,0.394
2023-03-25T09:00,10.6,84,0.00,1023.5,1000.0,2.64,4.74,10.0,0.394
2023-03-25T10:00,13.0,71,0.00,1023.6,1000.3,3.23,4.27,11.5,0.392
2023-03-25T11:00,14.9,62,0.00,1023.3,1000.2,3.86,4.97,12.8,0.391
2023-03-25T12:00,15.4,62,0.00,1022.9,999.8,4.37,5.69,13.8,0.390
2023-03-25T13:00,15.5,62,0.00,1022.6,999.6,4.56,6.11,14.3,0.389
2023-03-25T14:00,14.8,63,0.00,1022.5,999.4,4.94,7.13,14.2,0.387
2023-03-25T15:00,14.5,66,0.00,1022.5,999.4,4.72,6.91,13.9,0.387
2023-03-25T16:00,14.0,72,0.10,1022.2,999.0,4.92,7.84,13.5,0.387
2023-03-25T17:00,13.6,79,0.00,1021.8,998.6,5.22,8.51,13.3,0.387
2023-03-25T18:00,13.6,87,0.40,1021.6,998.4,5.46,8.83,13.1,0.390
2023-03-25T19:00,13.1,92,0.40,1021.8,998.6,4.94,8.38,12.8,0.394
2023-03-25T20:00,13.3,95,0.80,1021.7,998.5,5.54,9.28,12.6,0.402
2023-03-25T21:00,13.4,96,1.90,1022.0,998.8,5.00,8.16,12.7,0.424
2023-03-25T22:00,13.2,97,1.60,1022.2,999.0,4.68,7.83,12.7,0.426
2023-03-25T23:00,13.0,96,0.10,1022.7,999.5,3.23,5.79,12.6,0.420
2023-03-26T00:00,11.7,96,0.00,1022.9,999.5,1.43,4.07,12.3,0.416
2023-03-26T01:00,10.0,98,0.00,1022.7,999.2,1.65,3.33,11.6,0.414
2023-03-26T02:00,9.2,98,0.00,1022.9,999.3,1.82,3.24,10.9,0.412
2023-03-26T03:00,9.4,97,0.00,1022.8,999.3,1.60,3.22,10.6,0.411
2023-03-26T04:00,9.8,97,0.00,1022.8,999.3,1.20,3.18,10.2,0.410
2023-03-26T05:00,9.7,97,0.00,1023.2,999.7,1.22,3.19,10.0,0.409
2023-03-26T06:00,9.6,96,0.00,1023.6,1000.1,1.24,3.52,9.8,0.408
2023-03-26T07:00,9.4,95,0.00,1024.2,1000.6,1.12,3.04,9.6,0.407
2023-03-26T08:00,10.8,90,0.00,1025.1,1001.6,1.56,2.77,10.2,0.407
2023-03-26T09:00,12.1,72,0.00,1025.6,1002.2,2.76,3.68,11.2,0.406
2023-03-26T10:00,13.1,67,0.00,1026.0,1002.7,3.78,5.00,12.1,0.404
2023-03-26T11:00,14.3,58,0.00,1026.3,1003.1,4.26,5.62,13.3,0.402
2023-03-26T12:00,15.0,55,0.00,1026.1,1002.9,3.58,4.64,14.4,0.400
2023-03-26T13:00,15.4,54,0.00,1025.9,1002.8,3.76,4.83,15.0,0.397
2023-03-26T14:00,15.8,52,0.00,1025.7,1002.6,3.98,5.11,15.6,0.395
2023-03-26T15:00,15.5,54,0.00,1025.5,1002.4,3.89,5.02,15.9,0.392
2023-03-26T16:00,15.0,56,0.00,1025.4,1002.3,3.61,4.68,15.8,0.390
2023-03-26T17:00,14.5,58,0.00,1025.1,1001.9,3.45,4.56,15.4,0.389
2023-03-26T18:00,13.3,65,0.00,1025.1,1001.8,2.79,4.95,14.6,0.389
2023-03-26T19:00,10.4,74,0.00,1025.5,1002.0,2.08,5.00,13.3,0.389
2023-03-26T20:00,9.2,78,0.00,1026.0,1002.4,2.02,5.13,12.1,0.389
2023-03-26T21:00,8.3,80,0.00,1026.0,1002.3,2.01,5.22,11.2,0.389
2023-03-26T22:00,7.1,85,0.00,1026.0,1002.2,2.12,4.71,10.4,0.390
2023-03-26T23:00,6.3,87,0.00,1025.7,1001.8,1.97,3.98,9.7,0.390
2023-03-27T00:00,6.3,87,0.00,1025.7,1001.8,1.84,2.66,10.4,0.389
2023-03-27T01:00,5.3,91,0.00,1025.6,1001.7,1.21,2.08,9.5,0.389
2023-03-27T02:00,4.7,93,0.00,1025.4,1001.4,1.34,2.64,8.9,0.390
2023-03-27T03:00,4.3,93,0.00,1024.8,1000.8,1.39,3.08,8.4,0.390
2023-03-27T04:00,3.5,95,0.00,1024.2,1000.1,1.36,2.41,7.9,0.390
2023-03-27T05:00,3.1,95,0.00,1024.0,999.9,1.10,2.02,7.4,0.390
2023-03-27T06:00,2.8,94,0.00,1023.9,999.8,1.22,2.30,7.0,0.390
2023-03-27T07:00,3.7,91,0.00,1023.9,999.9,1.55,2.90,6.8,0.390
2023-03-27T08:00,7.9,79,0.00,1023.9,1000.2,2.30,4.44,7.6,0.389
2023-03-27T09:00,12.2,68,0.00,1023.9,1000.6,1.90,5.38,9.3,0.389
2023-03-27T10:00,14.8,57,0.00,1023.8,1000.7,2.97,4.21,11.2,0.387
2023-03-27T11:00,16.5,53,0.00,1023.6,1000.6,3.36,4.48,12.9,0.385
2023-03-27T12:00,18.3,45,0.00,1023.1,1000.3,3.02,3.86,14.5,0.382
2023-03-27T13:00,19.3,43,0.00,1022.6,999.9,2.48,3.25,15.8,0.379
2023-03-27T14:00,19.9,43,0.00,1022.2,999.5,2.02,2.55,16.8,0.376
2023-03-27T15:00,20.4,42,0.00,1021.7,999.1,1.82,2.38,17.4,0.374
2023-03-27T16:00,20.3,41,0.00,1021.3,998.7,1.63,1.92,17.5,0.372
2023-03-27T17:00,18.5,56,0.00,1021.3,998.5,2.70,3.60,17.1,0.371
2023-03-27T18:00,15.9,76,0.00,1021.1,998.1,1.10,2.53,16.2,0.371
2023-03-27T19:00,12.4,82,0.00,1021.1,997.8,1.70,1.32,14.6,0.372
2023-03-27T20:00,13.6,76,0.00,1021.4,998.2,0.82,0.40,13.4,0.372
2023-03-27T21:00,13.2,77,0.00,1021.8,998.6,0.60,0.61,12.5,0.373
2023-03-27T22:00,13.0,78,0.00,1021.9,998.7,0.32,0.10,11.7,0.373
2023-03-27T23:00,10.1,86,0.00,1021.8,998.3,1.75,1.55,11.0,0.374
2023-03-28T00:00,9.8,85,0.00,1021.8,998.3,1.73,1.93,11.0,0.355
2023-03-28T01:00,8.7,86,0.00,1021.4,997.8,1.80,2.44,10.4,0.355
2023-03-28T02:00,8.1,86,0.00,1020.9,997.3,1.60,3.05,10.0,0.356
2023-03-28T03:00,7.8,86,0.00,1020.6,997.0,1.30,2.86,9.7,0.356
2023-03-28T04:00,7.8,85,0.00,1020.6,997.0,1.51,3.22,9.4,0.357
2023-03-28T05:00,8.4,81,0.00,1020.4,996.8,1.87,4.44,9.4,0.357
2023-03-28T06:00,8.3,80,0.00,1020.4,996.8,2.02,5.34,9.2,0.357
2023-03-28T07:00,8.9,78,0.00,1020.5,997.0,1.99,5.44,9.1,0.358
2023-03-28T08:00,12.2,73,0.00,1020.8,997.5,2.06,4.60,9.9,0.358
2023-03-28T09:00,15.8,72,0.00,1021.1,998.1,1.84,4.76,11.6,0.357
2023-03-28T10:00,19.0,61,0.00,1021.0,998.3,2.13,4.10,13.5,0.356
2023-03-28T11:00,21.1,49,0.00,1021.3,998.7,2.43,3.26,15.3,0.354
2023-03-28T12:00,21.8,38,0.00,1021.1,998.6,2.81,3.70,16.9,0.346
2023-03-28T13:00,21.9,39,0.00,1020.7,998.2,3.23,4.33,17.7,0.343
2023-03-28T14:00,22.1,40,0.00,1020.5,998.0,3.33,4.48,18.3,0.341
2023-03-28T15:00,21.9,41,0.00,1020.1,997.6,3.11,4.12,18.6,0.338
2023-03-28T16:00,21.1,47,0.00,1020.0,997.4,2.72,3.69,18.6,0.336
2023-03-28T17:00,20.1,53,0.00,1019.5,996.9,1.91,2.70,18.2,0.335
2023-03-28T18:00,18.2,74,0.00,1019.5,996.7,1.12,2.53,17.5,0.335
2023-03-28T19:00,18.2,57,0.00,1019.6,996.8,1.03,1.90,16.0,0.336
2023-03-28T20:00,15.8,68,0.00,1019.9,996.9,1.12,1.84,14.6,0.337
2023-03-28T21:00,13.1,81,0.00,1020.1,996.9,1.55,2.11,13.6,0.338
2023-03-28T22:00,14.8,74,0.00,1020.2,997.2,0.85,1.60,12.7,0.338
2023-03-28T23:00,14.1,77,0.00,1020.4,997.3,1.20,2.75,12.3,0.339
2023-03-29T00:00,11.9,87,0.00,1020.7,997.4,0.61,1.50,14.0,0.338
2023-03-29T01:00,12.3,82,0.00,1020.3,997.1,1.70,3.42,13.3,0.338
2023-03-29T02:00,11.9,82,0.00,1019.6,996.3,1.89,4.70,12.7,0.339
2023-03-29T03:00,11.5,82,0.00,1019.4,996.1,1.86,4.61,12.3,0.339
2023-03-29T04:00,11.8,78,0.00,1018.8,995.6,1.94,4.84,12.0,0.340
2023-03-29T05:00,12.5,72,0.00,1018.3,995.1,2.84,6.62,11.9,0.340
2023-03-29T06:00,13.5,67,0.00,1018.5,995.4,1.94,5.95,12.0,0.340
2023-03-29T07:00,13.0,72,0.00,1019.2,996.0,1.88,5.22,11.9,0.341
2023-03-29T08:00,15.5,61,0.00,1019.5,996.5,2.46,6.04,12.4,0.341
2023-03-29T09:00,17.8,55,0.00,1019.7,996.9,3.24,6.80,13.4,0.340
2023-03-29T10:00,19.4,51,0.00,1019.7,997.0,3.71,5.43,14.8,0.339
2023-03-29T11:00,19.8,47,0.00,1019.7,997.1,5.97,8.73,15.8,0.337
2023-03-29T12:00,20.7,41,0.00,1019.6,997.0,5.94,8.51,17.6,0.317
2023-03-29T13:00,20.8,44,0.00,1019.2,996.6,6.09,8.66,18.2,0.314
2023-03-29T14:00,20.4,48,0.00,1019.6,997.0,6.69,9.54,18.5,0.312
2023-03-29T15:00,19.0,57,0.00,1020.0,997.3,6.75,9.54,18.6,0.310
2023-03-29T16:00,17.8,67,0.00,1020.4,997.6,5.80,8.08,18.5,0.308
2023-03-29T17:00,17.0,72,0.00,1020.6,997.7,6.51,9.19,18.0,0.308
2023-03-29T18:00,15.8,80,0.00,1020.5,997.5,4.72,6.92,17.1,0.308
2023-03-29T19:00,15.2,85,0.20,1021.2,998.2,4.34,6.74,16.3,0.310
2023-03-29T20:00,14.8,89,0.30,1021.2,998.1,4.09,6.40,15.6,0.313
2023-03-29T21:00,14.5,91,0.30,1021.8,998.7,4.14,6.78,15.1,0.316
2023-03-29T22:00,14.5,92,0.20,1022.3,999.2,4.22,6.93,14.7,0.319
2023-03-29T23:00,14.0,95,0.30,1022.1,999.0,3.98,6.80,14.3,0.322
2023-03-30T00:00,13.7,93,0.90,1022.7,999.5,4.10,6.86,15.0,0.325
2023-03-30T01:00,13.4,96,0.30,1022.6,999.4,4.39,6.79,14.4,0.329
2023-03-30T02:00,13.5,96,0.20,1022.4,999.2,3.70,6.13,14.0,0.332
2023-03-30T03:00,13.0,98,0.10,1022.5,999.3,2.64,5.09,13.7,0.334
2023-03-30T04:00,13.1,99,0.10,1022.5,999.3,2.77,5.00,13.5,0.335
2023-03-30T05:00,12.6,99,0.10,1022.7,999.4,2.40,4.66,13.3,0.337
2023-03-30T06:00,12.8,99,0.10,1022.5,999.2,2.84,4.85,13.2,0.338
2023-03-30T07:00,13.0,97,0.10,1023.2,999.9,3.48,5.55,13.2,0.339
2023-03-30T08:00,13.5,94,0.10,1023.4,1000.2,3.98,5.69,13.4,0.339
2023-03-30T09:00,15.0,84,0.10,1023.6,1000.5,5.10,7.02,14.1,0.340
2023-03-30T10:00,16.0,73,0.10,1024.0,1001.0,6.00,8.34,14.8,0.340
2023-03-30T11:00,16.8,66,0.10,1024.1,1001.1,6.28,8.61,15.7,0.340
2023-03-30T12:00,16.7,66,0.20,1024.0,1001.0,6.52,9.18,16.4,0.341
2023-03-30T13:00,17.0,65,0.10,1024.1,1001.1,7.38,10.26,16.7,0.340
2023-03-30T14:00,16.9,66,0.10,1024.0,1001.0,7.44,10.52,16.9,0.339
2023-03-30T15:00,16.4,67,0.00,1023.7,1000.7,7.10,10.15,16.7,0.337
2023-03-30T16:00,16.6,64,0.00,1023.3,1000.3,7.44,10.50,16.8,0.336
2023-03-30T17:00,15.7,72,0.00,1023.5,1000.5,6.63,9.79,16.4,0.335
2023-03-30T18:00,14.8,82,0.00,1023.9,1000.8,5.83,8.90,15.9,0.334
2023-03-30T19:00,14.0,90,1.20,1023.8,1000.6,5.46,8.94,15.2,0.347
2023-03-30T20:00,13.9,94,2.40,1024.2,1001.0,4.92,8.23,14.6,0.378
2023-03-30T21:00,14.0,94,0.40,1024.3,1001.1,5.13,8.59,14.2,0.380
2023-03-30T22:00,14.0,95,0.50,1024.3,1001.1,5.42,8.90,14.1,0.384
2023-03-30T23:00,14.0,95,0.40,1024.1,1000.9,5.08,8.46,14.0,0.386
2023-03-31T00:00,14.0,96,0.50,1023.4,1000.2,5.84,9.59,14.5,0.348
2023-03-31T01:00,14.1,96,1.50,1023.2,1000.0,6.25,9.85,14.3,0.368
2023-03-31T02:00,14.1,97,1.60,1022.9,999.7,6.13,10.07,14.1,0.387
2023-03-31T03:00,13.8,95,0.50,1023.0,999.8,4.37,7.03,14.0,0.391
2023-03-31T04:00,13.6,96,0.20,1023.0,999.8,3.11,5.63,13.8,0.390
2023-03-31T05:00,13.4,95,0.00,1023.3,1000.1,2.50,4.84,13.6,0.387
2023-03-31T06:00,13.1,95,0.00,1023.7,1000.4,2.20,4.31,13.4,0.384
2023-03-31T07:00,13.0,95,0.00,1024.6,1001.3,1.91,3.86,13.2,0.382
2023-03-31T08:00,13.4,91,0.10,1025.1,1001.8,2.50,4.12,13.3,0.381
2023-03-31T09:00,13.8,86,0.00,1024.6,1001.4,3.13,4.33,13.6,0.379
2023-03-31T10:00,14.4,80,0.00,1025.3,1002.1,4.10,5.50,14.1,0.377
2023-03-31T11:00,15.7,70,0.00,1025.5,1002.4,4.70,6.20,15.3,0.374
2023-03-31T12:00,16.0,65,0.00,1025.2,1002.1,4.50,5.90,16.0,0.358
2023-03-31T13:00,15.6,66,0.10,1025.1,1002.0,4.61,6.11,16.4,0.356
2023-03-31T14:00,15.1,70,0.20,1025.1,1002.0,5.10,6.80,16.4,0.356
2023-03-31T15:00,14.8,72,0.20,1024.9,1001.8,5.10,6.91,16.2,0.355
2023-03-31T16:00,14.8,73,0.00,1025.1,1001.9,5.00,6.80,16.2,0.354
2023-03-31T17:00,14.1,74,0.00,1025.2,1002.0,4.50,6.22,15.9,0.352
2023-03-31T18:00,13.4,78,0.00,1025.2,1001.9,3.92,5.84,15.2,0.352
2023-03-31T19:00,12.4,85,0.00,1025.7,1002.3,2.71,5.16,14.5,0.352
2023-03-31T20:00,10.9,94,0.00,1025.8,1002.3,1.40,3.77,13.6,0.351
2023-03-31T21:00,10.1,95,0.00,1026.6,1003.0,1.50,3.70,12.9,0.351
2023-03-31T22:00,10.1,96,0.00,1026.7,1003.1,1.41,3.13,12.4,0.351
2023-03-31T23:00,10.7,95,0.00,1026.4,1002.9,1.06,2.06,12.3,0.351
2023-04-01T00:00,11.9,94,0.00,1026.3,1002.9,1.26,2.91,13.4,0.346
2023-04-01T01:00,12.0,93,0.10,1025.8,1002.4,1.39,2.90,13.1,0.346
2023-04-01T02:00,11.9,94,0.10,1025.3,1001.9,1.51,3.32,12.9,0.347
2023-04-01T03:00,11.7,94,0.10,1025.2,1001.8,1.20,3.01,12.7,0.348
2023-04-01T04:00,11.5,96,0.30,1024.9,1001.5,0.64,1.80,12.5,0.350
2023-04-01T05:00,11.3,97,0.10,1025.0,1001.6,0.91,2.12,12.3,0.351
2023-04-01T06:00,11.6,96,0.20,1024.9,1001.5,0.36,0.92,12.2,0.353
2023-04-01T07:00,11.9,94,0.60,1025.1,1001.7,0.32,0.50,12.2,0.360
2023-04-01T08:00,12.1,91,0.40,1025.5,1002.1,0.71,1.00,12.4,0.365
2023-04-01T09:00,12.3,88,0.20,1025.8,1002.4,0.36,0.42,12.7,0.366
2023-04-01T10:00,12.4,87,0.40,1026.0,1002.6,0.50,0.72,12.8,0.369
2023-04-01T11:00,12.9,86,0.10,1025.8,1002.5,1.35,1.77,13.1,0.369
2023-04-01T12:00,13.9,82,0.10,1024.8,1001.6,1.84,2.25,13.7,0.366
2023-04-01T13:00,14.5,77,0.00,1024.6,1001.4,2.10,2.77,14.2,0.364
2023-04-01T14:00,15.5,73,0.10,1024.8,1001.7,1.86,2.44,15.1,0.363
2023-04-01T15:00,15.5,71,0.00,1024.5,1001.4,1.91,2.48,15.1,0.361
2023-04-01T16:00,16.3,67,0.10,1024.1,1001.1,3.09,4.03,15.6,0.360
2023-04-01T17:00,16.1,69,0.10,1024.1,1001.1,3.79,5.10,15.7,0.359
2023-04-01T18:00,15.2,71,0.00,1024.4,1001.3,3.38,5.44,15.3,0.358
2023-04-01T19:00,12.7,76,0.00,1024.8,1001.5,3.07,6.43,14.3,0.357
2023-04-01T20:00,11.1,83,0.00,1025.5,1002.0,2.64,6.36,13.2,0.356
2023-04-01T21:00,10.1,87,0.00,1026.2,1002.6,2.52,6.22,12.4,0.356
2023-04-01T22:00,9.6,82,0.00,1026.7,1003.1,2.60,6.36,11.7,0.355
2023-04-01T23:00,9.1,78,0.00,1027.1,1003.4,2.70,6.30,11.1,0.355
2023-04-02T00:00,8.4,78,0.00,1027.1,1003.4,2.30,5.65,10.8,0.354
2023-04-02T01:00,7.0,82,0.00,1027.1,1003.3,1.87,4.62,10.1,0.353
2023-04-02T02:00,5.9,85,0.00,1027.2,1003.3,1.88,4.52,9.4,0.353
2023-04-02T03:00,5.2,87,0.00,1027.1,1003.1,1.91,4.74,8.9,0.353
2023-04-02T04:00,4.2,90,0.00,1027.0,1002.9,1.84,3.84,8.4,0.352
2023-04-02T05:00,3.0,91,0.00,1027.3,1003.1,2.13,2.61,7.7,0.352
2023-04-02T06:00,3.1,89,0.00,1027.5,1003.3,1.75,3.30,7.2,0.352
2023-04-02T07:00,4.5,84,0.00,1027.6,1003.5,1.72,3.64,7.1,0.351
2023-04-02T08:00,7.6,78,0.00,1027.8,1004.0,1.66,3.18,8.0,0.351
2023-04-02T09:00,10.5,63,0.00,1027.7,1004.1,1.26,2.02,9.7,0.350
2023-04-02T10:00,12.8,58,0.00,1027.6,1004.2,1.60,2.21,11.5,0.348
2023-04-02T11:00,14.5,54,0.00,1027.6,1004.4,1.63,2.16,13.4,0.346
2023-04-02T12:00,16.7,46,0.00,1027.6,1004.5,1.43,1.88,15.2,0.342
2023-04-02T13:00,17.7,45,0.00,1026.8,1003.8,0.72,1.00,16.6,0.339
2023-04-02T14:00,18.3,45,0.00,1026.2,1003.3,0.10,0.14,17.6,0.335
2023-04-02T15:00,18.6,45,0.00,1025.4,1002.5,1.08,1.30,18.1,0.333
2023-04-02T16:00,18.5,46,0.00,1024.9,1002.0,1.90,2.31,18.0,0.331
2023-04-02T17:00,18.1,48,0.00,1024.4,1001.5,2.00,2.61,17.5,0.329
2023-04-02T18:00,16.7,65,0.00,1024.4,1001.4,1.35,3.16,16.6,0.328
2023-04-02T19:00,12.9,79,0.00,1024.4,1001.1,2.10,4.11,15.2,0.329
2023-04-02T20:00,11.0,86,0.00,1024.5,1001.1,2.28,3.33,13.8,0.329
2023-04-02T21:00,12.9,77,0.00,1024.7,1001.4,1.66,3.01,12.6,0.329
2023-04-02T22:00,12.3,78,0.00,1024.4,1001.1,1.44,2.31,11.6,0.329
2023-04-02T23:00,7.9,90,0.00,1024.0,1000.3,1.99,2.22,10.8,0.329
2023-04-03T00:00,8.0,86,0.00,1023.5,999.8,1.71,1.70,10.8,0.342
2023-04-03T01:00,6.4,89,0.00,1023.1,999.3,1.17,0.45,10.0,0.342
2023-04-03T02:00,6.2,87,0.00,1022.4,998.6,1.12,1.36,9.5,0.342
2023-04-03T03:00,5.9,86,0.00,1021.8,998.0,1.32,2.25,9.0,0.343
2023-04-03T04:00,5.3,87,0.00,1020.8,997.0,1.22,2.41,8.6,0.343
2023-04-03T05:00,4.6,88,0.00,1020.5,996.6,1.14,0.81,8.2,0.343
2023-04-03T06:00,4.7,86,0.00,1020.3,996.4,1.30,1.66,7.8,0.343
2023-04-03T07:00,6.3,79,0.00,1020.3,996.6,1.80,4.14,7.9,0.343
2023-04-03T08:00,10.1,68,0.00,1020.1,996.7,2.51,5.46,8.8,0.342
2023-04-03T09:00,13.5,64,0.00,1019.9,996.8,1.58,4.92,10.5,0.342
2023-04-03T10:00,15.6,56,0.00,1019.7,996.7,2.39,3.36,12.2,0.340
2023-04-03T11:00,17.2,51,0.00,1019.4,996.6,2.51,3.22,13.7,0.338
2023-04-03T12:00,18.0,50,0.00,1018.6,995.8,2.30,3.00,14.6,0.337
2023-04-03T13:00,17.5,58,0.10,1018.1,995.3,2.12,2.57,15.5,0.336
2023-04-03T14:00,16.9,65,0.20,1017.4,994.6,1.36,1.64,16.1,0.337
2023-04-03T15:00,16.8,66,0.00,1016.0,993.2,1.17,1.39,16.3,0.336
2023-04-03T16:00,16.8,64,0.00,1015.2,992.4,1.56,1.94,16.2,0.335
2023-04-03T17:00,16.9,61,0.00,1014.7,991.9,1.20,1.49,16.0,0.334
2023-04-03T18:00,15.7,79,0.00,1014.4,991.6,0.81,0.95,15.5,0.334
2023-04-03T19:00,14.8,68,0.00,1014.0,991.1,1.22,1.50,14.5,0.334
2023-04-03T20:00,12.1,83,0.00,1014.2,991.1,1.53,2.94,13.6,0.335
2023-04-03T21:00,10.6,90,0.00,1014.3,991.1,1.88,2.70,12.7,0.335
2023-04-03T22:00,9.7,90,0.00,1014.1,990.8,2.20,3.49,12.0,0.335
2023-04-03T23:00,10.6,83,0.00,1014.0,990.8,1.40,2.42,11.4,0.336
2023-04-04T00:00,11.1,87,0.00,1014.4,991.2,0.32,1.53,12.8,0.336
2023-04-04T01:00,9.2,94,0.00,1014.4,991.0,1.52,2.19,11.9,0.336
2023-04-04T02:00,8.9,93,0.00,1013.9,990.5,1.94,3.00,11.2,0.337
2023-04-04T03:00,8.4,92,0.00,1013.5,990.1,1.70,2.52,10.7,0.337
2023-04-04T04:00,7.1,91,0.00,1013.7,990.2,1.98,3.10,10.0,0.337
2023-04-04T05:00,6.1,93,0.00,1013.9,990.3,1.39,2.08,9.4,0.337
2023-04-04T06:00,5.7,93,0.00,1014.1,990.5,1.53,3.21,8.9,0.338
2023-04-04T07:00,8.1,81,0.00,1014.8,991.3,1.92,5.30,8.8,0.338
2023-04-04T08:00,12.0,69,0.00,1015.5,992.3,2.50,5.31,9.8,0.338
2023-04-04T09:00,14.8,61,0.00,1015.7,992.8,2.26,4.44,11.6,0.337
2023-04-04T10:00,16.7,48,0.00,1016.0,993.2,3.72,5.22,13.2,0.336
2023-04-04T11:00,18.1,42,0.00,1016.2,993.5,4.00,5.50,14.7,0.333
2023-04-04T12:00,20.1,33,0.00,1015.6,993.1,3.77,5.02,16.5,0.328
2023-04-04T13:00,21.0,28,0.00,1015.4,992.9,3.16,4.27,17.5,0.324
2023-04-04T14:00,21.5,29,0.00,1015.1,992.7,2.51,3.44,18.4,0.321
2023-04-04T15:00,21.9,29,0.00,1014.8,992.4,2.42,3.26,18.8,0.318
2023-04-04T16:00,22.0,29,0.00,1014.5,992.1,2.34,3.20,18.9,0.316
2023-04-04T17:00,21.6,40,0.00,1014.6,992.2,1.32,2.65,18.6,0.314
2023-04-04T18:00,21.6,31,0.00,1014.9,992.5,0.81,1.30,18.1,0.314
2023-04-04T19:00,20.1,35,0.00,1015.1,992.6,1.20,1.48,16.4,0.315
2023-04-04T20:00,13.6,63,0.00,1016.1,993.1,2.47,3.21,14.7,0.315
2023-04-04T21:00,12.6,67,0.00,1017.0,993.9,2.22,5.22,13.6,0.316
2023-04-04T22:00,11.7,68,0.00,1017.5,994.3,2.41,5.67,12.8,0.316
2023-04-04T23:00,9.7,77,0.00,1017.9,994.5,2.24,5.14,12.0,0.316
